{
	"info": {
		"_postman_id": "c37f5e90-19fd-417b-be65-1a11e3eb823f",
		"name": "ConsumirServicios",
		"schema": "https://schema.getpostman.com/json/collection/v2.1.0/collection.json",
		"_exporter_id": "27946130"
	},
	"item": [
		{
			"name": "localhost:9002/turnos/crear",
			"request": {
				"method": "POST",
				"header": [],
				"body": {
					"mode": "raw",
					"raw": "{\r\n    \"fecha\": \"2023-08-09\",\r\n    \"tratamiento\": \"un tratamiento\",\r\n    \"dniPaciente\": \"12345678\"\r\n}\r\n",
					"options": {
						"raw": {
							"language": "json"
						}
					}
				},
				"url": {
					"raw": "localhost:9002/turnos/crear",
					"host": [
						"localhost"
					],
					"port": "9002",
					"path": [
						"turnos",
						"crear"
					]
				}
			},
			"response": []
		}
	]
}