{
	"info": {
		"_postman_id": "f3b96eb1-1343-4e3e-98a7-9fe9cf9fba0c",
		"name": "API-Gateway TodoCode",
		"schema": "https://schema.getpostman.com/json/collection/v2.1.0/collection.json",
		"_exporter_id": "27946130"
	},
	"item": [
		{
			"name": "localhost:443/cities-service/cities/hotels?name=Oberá&country=Argentina",
			"request": {
				"method": "GET",
				"header": [],
				"url": {
					"raw": "localhost:443/cities-service/cities/hotels?name=Oberá&country=Argentina",
					"host": [
						"localhost"
					],
					"port": "443",
					"path": [
						"cities-service",
						"cities",
						"hotels"
					],
					"query": [
						{
							"key": "name",
							"value": "Oberá"
						},
						{
							"key": "country",
							"value": "Argentina"
						}
					]
				}
			},
			"response": []
		}
	]
}